{
  "project_info": {
    "project_number": "825095731696",
    "firebase_url": "https://cashtrackonline.firebaseio.com",
    "project_id": "cashtrackonline",
    "storage_bucket": "cashtrackonline.appspot.com"
  },
  "client": [
    {
      "client_info": {
        "mobilesdk_app_id": "1:825095731696:android:4952bc0074945b3b358535",
        "android_client_info": {
          "package_name": "developers.luminos.cashtrack_online"
        }
      },
      "oauth_client": [
        {
          "client_id": "825095731696-crar16876mucj9lb31q1ltefcgndf94h.apps.googleusercontent.com",
          "client_type": 3
        }
      ],
      "api_key": [
        {
          "current_key": "AIzaSyDzaiYFmglliv5tZWGoc-Pd9wci02jRvbg"
        }
      ],
      "services": {
        "appinvite_service": {
          "other_platform_oauth_client": [
            {
              "client_id": "825095731696-crar16876mucj9lb31q1ltefcgndf94h.apps.googleusercontent.com",
              "client_type": 3
            }
          ]
        }
      }
    }
  ],
  "configuration_version": "1"
}